{
 "Deutschland": {
  "Nordrhein-Westfalen": 0.377,
  "Baden-W\u00fcrttemberg": 0.39299999999999996,
  "Bayern": 0.27399999999999997,
  "Niedersachsen": 0.158,
  "Hessen": 0.172,
  "Rheinland-Pfalz": 0.23,
  "Berlin": 0.23800000000000002,
  "Hamburg": 0.361,
  "Sachsen": 0.139,
  "Schleswig-Holstein": 0.132,
  "Brandenburg": 0.115,
  "Th\u00fcringen": 0.11900000000000001,
  "Saarland": 0.257,
  "Sachsen-Anhalt": 0.098,
  "Mecklenburg-Vorpommern": 0.10400000000000001,
  "Bremen": 0.20800000000000002,
  "Summe": 0.2623
 },
 "Nordrhein-Westfalen": {
  "Heinsberg": 3.602,
  "K\u00f6ln": 0.579,
  "St\u00e4dteregion Aachen": 0.785,
  "Borken": 0.68,
  "Rhein-Sieg-Kreis": 0.413,
  "M\u00fcnster": 0.6970000000000001,
  "D\u00fcsseldorf": 0.305,
  "Steinfurt": 0.42,
  "Warendorf": 0.67,
  "G\u00fctersloh": 0.49200000000000005,
  "Essen": 0.281,
  "Rhein-Erft-Kreis": 0.32799999999999996,
  "Dortmund": 0.23800000000000002,
  "Minden-L\u00fcbbecke": 0.451,
  "Lippe": 0.382,
  "Wesel": 0.287,
  "Coesfeld": 0.5870000000000001,
  "Recklinghausen": 0.20600000000000002,
  "Viersen": 0.41100000000000003,
  "Bonn": 0.364,
  "D\u00fcren": 0.447,
  "Mettmann": 0.233,
  "Hochsauerlandkreis": 0.418,
  "Kleve": 0.35100000000000003,
  "Rhein-Kreis Neuss": 0.213,
  "Duisburg": 0.179,
  "Herford": 0.33899999999999997,
  "Rheinisch-Bergischer Kreis": 0.28600000000000003,
  "M\u00f6nchengladbach": 0.295,
  "Bochum": 0.21100000000000002,
  "Paderborn": 0.244,
  "Wuppertal": 0.209,
  "Krefeld": 0.313,
  "Oberbergischer Kreis": 0.261,
  "Bielefeld": 0.198,
  "Unna": 0.152,
  "Soest": 0.18899999999999997,
  "Hamm": 0.301,
  "Ennepe-Ruhr-Kreis": 0.139,
  "Leverkusen": 0.275,
  "Euskirchen": 0.233,
  "Gelsenkirchen": 0.157,
  "M\u00e4rkischer Kreis": 0.092,
  "Solingen": 0.23800000000000002,
  "M\u00fclheim an der Ruhr": 0.21100000000000002,
  "Oberhausen": 0.166,
  "Hagen": 0.16399999999999998,
  "Siegen-Wittgenstein": 0.10400000000000001,
  "Remscheid": 0.18899999999999997,
  "Olpe": 0.126,
  "Herne": 0.102,
  "H\u00f6xter": 0.114,
  "Bottrop": 0.136
 },
 "Baden-W\u00fcrttemberg": {
  "Stuttgart": 0.537,
  "Kreis Esslingen": 0.605,
  "Rhein-Neckar-Kreis": 0.39299999999999996,
  "Hohenlohekreis": 1.625,
  "Freiburg": 0.7859999999999999,
  "Kreis Ludwigsburg": 0.322,
  "Breisgau-Hochschwarzwald": 0.609,
  "Kreis Karlsruhe": 0.34,
  "Ostalbkreis": 0.439,
  "Landkreis Heilbronn": 0.39399999999999996,
  "Kreis B\u00f6blingen": 0.319,
  "Kreis T\u00fcbingen": 0.55,
  "Heilbronn": 0.937,
  "Rems-Murr-Kreis": 0.275,
  "Kreis Calw": 0.713,
  "Kreis Emmendingen": 0.665,
  "Kreis G\u00f6ppingen": 0.428,
  "Kreis Ravensburg": 0.387,
  "Alb-Donau-Kreis": 0.546,
  "Kreis Rastatt": 0.45,
  "Mannheim": 0.33,
  "Kreis Schw\u00e4bisch Hall": 0.5,
  "Karlsruhe": 0.307,
  "Reutlingen": 0.32799999999999996,
  "Bodenseekreis": 0.32799999999999996,
  "Ortenaukreis": 0.165,
  "Zollernalbkreis": 0.37,
  "Kreis Sigmaringen": 0.512,
  "Heidelberg": 0.355,
  "Kreis L\u00f6rrach": 0.249,
  "Kreis Biberach": 0.275,
  "Kreis Konstanz": 0.182,
  "Kreis Heidenheim": 0.377,
  "Ulm": 0.396,
  "Schwarzwald-Baar-Kreis": 0.184,
  "Main-Tauber-Kreis": 0.272,
  "Enzkreis": 0.151,
  "Neckar-Odenwald-Kreis": 0.18100000000000002,
  "Baden-Baden": 0.381,
  "Pforzheim": 0.151,
  "Kreis Freudenstadt": 0.136,
  "Tuttlingen": 0.09300000000000001,
  "Waldshut": 0.076,
  "Kreis Rottweil": 0.036000000000000004
 },
 "Bayern": {
  "M\u00fcnchen Stadt": 0.402,
  "M\u00fcnchen": 0.92,
  "Freising": 0.9159999999999999,
  "Starnberg": 0.735,
  "Landshut": 0.611,
  "G\u00fcnzburg": 0.7,
  "N\u00fcrnberg Stadt": 0.14300000000000002,
  "W\u00fcrzburg": 0.457,
  "Rosenheim": 0.253,
  "Regensburg Stadt": 0.419,
  "Tirschenreuth": 0.855,
  "Miesbach": 0.5820000000000001,
  "Landshut Stadt": 0.787,
  "W\u00fcrzburg Stadt": 0.43,
  "Augsburg Stadt": 0.183,
  "Regensburg": 0.27899999999999997,
  "Erding": 0.385,
  "Rottal-Inn": 0.423,
  "Weilheim-Schongau": 0.355,
  "Oberallg\u00e4u": 0.303,
  "Dachau": 0.292,
  "Ebersberg": 0.295,
  "Cham": 0.313,
  "Schweinfurt": 0.33899999999999997,
  "Bamberg": 0.258,
  "Augsburg": 0.147,
  "F\u00fcrstenfeldbruck": 0.16399999999999998,
  "Landsberg am Lech": 0.3,
  "Deggendorf": 0.293,
  "Lindau (Bodensee)": 0.429,
  "Rosenheim Stadt": 0.5529999999999999,
  "Traunstein": 0.192,
  "Kempten Stadt": 0.46399999999999997,
  "Aschaffenburg Stadt": 0.44,
  "Bad T\u00f6lz": 0.244,
  "Neuburg-Schrobenhausen": 0.3,
  "Garmisch-Partenkirchen": 0.305,
  "Unterallg\u00e4u": 0.187,
  "Neumarkt i.d.Opf.": 0.195,
  "Aichach-Friedberg": 0.18,
  "Neu-Ulm": 0.138,
  "Passau": 0.12,
  "Regen": 0.29600000000000004,
  "Schwandorf": 0.156,
  "Bamberg Stadt": 0.284,
  "Dingolfing-Landau": 0.22899999999999998,
  "Ostallg\u00e4u": 0.157,
  "Aschaffenburg": 0.115,
  "Straubing-Bogen": 0.19899999999999998,
  "Hof": 0.19899999999999998,
  "Miltenberg": 0.14800000000000002,
  "Pfaffenhofen a.d.Ilm": 0.149,
  "Straubing Stadt": 0.39799999999999996,
  "Amberg-Sulzbach": 0.175,
  "Erlangen-H\u00f6chstadt": 0.132,
  "Forchheim": 0.155,
  "Neustadt a.d. Aisch-Bad Windsheim": 0.179,
  "Coburg Stadt": 0.41200000000000003,
  "Coburg": 0.184,
  "F\u00fcrth Stadt": 0.125,
  "Kelheim": 0.131,
  "M\u00fchldorf a.Inn": 0.139,
  "Wunsiedel i. Fichtelgebirge": 0.21899999999999997,
  "Erlangen Stadt": 0.134,
  "Freyung-Grafenau": 0.179,
  "Ha\u00dfberge": 0.165,
  "Alt\u00f6tting": 0.11699999999999999,
  "Bayreuth": 0.125,
  "Eichst\u00e4tt": 0.098,
  "Kronach": 0.179,
  "Kulmbach": 0.16699999999999998,
  "Main-Spessart": 0.095,
  "Roth": 0.095,
  "Donau-Ries": 0.08199999999999999,
  "Kitzingen": 0.121,
  "Ansbach Stadt": 0.215,
  "Bad Kissingen": 0.087,
  "Memmingen Stadt": 0.205,
  "Berchtesgadener Land": 0.076,
  "Hof Stadt": 0.174,
  "Rh\u00f6n-Grabfeld": 0.1,
  "Schwabach Stadt": 0.196,
  "Wei\u00dfenburg-Gunzenhausen": 0.085,
  "F\u00fcrth": 0.06,
  "Lichtenfels": 0.105,
  "Neustadt a. d. Waldnaab": 0.07400000000000001,
  "N\u00fcrnberger Land": 0.040999999999999995,
  "Weiden Stadt": 0.165,
  "Dillingen a.d. Donau": 0.062,
  "Passau Stadt": 0.114,
  "Kaufbeuren Stadt": 0.114,
  "Ingolstadt Stadt": 0.028999999999999998,
  "Schweinfurt Stadt": 0.07400000000000001,
  "Ansbach": 0.016,
  "Amberg Stadt": 0.048,
  "Bayreuth Stadt": 0.027000000000000003
 },
 "Niedersachsen": {
  "Region Hannover": 0.105,
  "Oldenburg Land": 0.353,
  "Osnabr\u00fcck Stadt": 0.2,
  "Schaumburg": 0.184,
  "Hildesheim": 0.10099999999999999,
  "Emsland": 0.08,
  "Diepholz": 0.115,
  "G\u00f6ttingen": 0.057999999999999996,
  "Harburg": 0.071,
  "Northeim": 0.136,
  "Osnabr\u00fcck Land": 0.048,
  "Stade": 0.084,
  "Gifhorn": 0.091,
  "Peine": 0.11199999999999999,
  "Celle": 0.078,
  "Aurich": 0.068,
  "Vechta": 0.092,
  "Osterholz": 0.106,
  "Oldenburg Stadt": 0.065,
  "Hameln-Pyrmont": 0.061,
  "Ammerland": 0.064,
  "Braunschweig": 0.032,
  "Holzminden": 0.113,
  "Verden": 0.057999999999999996,
  "Goslar": 0.051,
  "Cuxhaven": 0.03,
  "Delmenhorst": 0.077,
  "L\u00fcneburg": 0.033,
  "Uelzen": 0.065,
  "Grafschaft Bentheim": 0.037000000000000005,
  "Rotenburg (W\u00fcmme)": 0.031,
  "Salzgitter": 0.048,
  "Emden": 0.08,
  "Nienburg/Weser": 0.033,
  "Friesland": 0.03,
  "Leer": 0.018000000000000002,
  "L\u00fcchow-Dannenberg": 0.062,
  "Wesermarsch": 0.034,
  "Wilhelmshaven": 0.039,
  "Wittmund": 0.053,
  "Wolfsburg": 0.024,
  "Cloppenburg": 0.012,
  "Helmstedt": 0.022000000000000002,
  "Heidekreis": 0.006999999999999999,
  "Wolfenb\u00fcttel": 0.008
 },
 "Hessen": {
  "Frankfurt am Main": 0.162,
  "Fulda": 0.32799999999999996,
  "Schwalm-Eder-Kreis": 0.322,
  "Hochtaunuskreis": 0.22,
  "Wiesbaden": 0.187,
  "Gro\u00df-Gerau": 0.175,
  "Main-Kinzig-Kreis": 0.11199999999999999,
  "Landkreis Offenbach": 0.121,
  "Limburg-Weilburg": 0.23800000000000002,
  "Main-Taunus-Kreis": 0.168,
  "Gie\u00dfen": 0.145,
  "Kassel": 0.18899999999999997,
  "Bergstra\u00dfe": 0.13699999999999998,
  "Marburg-Biedenkopf": 0.138,
  "Lahn-Dill-Kreis": 0.126,
  "Darmstadt-Dieburg": 0.094,